,Date,Symbol,Open,High,Low,Close,Volume BTC,Volume USD
1310,2016-09-08,BTCUSD,"614,48","628,23","614,48","624,7","1379,06","859528,62"
1311,2016-09-07,BTCUSD,"611,89","617,1","609,9","614,48","1513,9","931506,85"
1312,2016-09-06,BTCUSD,"605,98","611,89","605,45","611,89","541,27","329527,12"
1313,2016-09-05,BTCUSD,"607,67","608,57","601,1","605,98","300,25","181521,97"
1314,2016-09-04,BTCUSD,"600,17","611,84","500,0","607,67","662,56","397938,79"
1315,2016-09-03,BTCUSD,"574,85","607,14","573,93","600,17","1213,01","716423,67"
1316,2016-09-02,BTCUSD,"571,53","577,35","570,73","574,85","820,84","471476,74"
1317,2016-09-01,BTCUSD,"574,22","577,35","570,73","571,53","1247,36","716144,18"
1318,2016-08-31,BTCUSD,"577,91","577,91","572,52","574,22","1491,14","855848,83"
1319,2016-08-30,BTCUSD,"573,36","579,36","573,35","577,91","1263,63","727900,04"
1320,2016-08-29,BTCUSD,"572,98","575,99","571,71","573,36","972,74","558705,67"
1321,2016-08-28,BTCUSD,"569,82","572,98","569,82","572,98","310,86","177486,57"
1322,2016-08-27,BTCUSD,"578,77","578,99","568,01","569,82","278,21","159265,05"
1323,2016-08-26,BTCUSD,"575,97","578,99","575,76","578,77","606,36","350319,44"
1324,2016-08-25,BTCUSD,"579,24","579,24","566,0","575,97","2026,44","1161333,85"
1325,2016-08-24,BTCUSD,"581,98","581,99","577,99","579,24","901,13","522461,91"
1326,2016-08-23,BTCUSD,"586,97","586,97","580,66","581,98","943,71","549857,78"
1327,2016-08-22,BTCUSD,"579,85","588,96","579,85","586,97","1418,36","829418,58"
1328,2016-08-21,BTCUSD,"580,21","580,99","579,21","579,85","146,04","84777,33"
1329,2016-08-20,BTCUSD,"573,7","580,21","573,7","580,21","449,71","259301,89"
1330,2016-08-19,BTCUSD,"574,08","576,99","570,0","573,7","1458,38","837295,15"
1331,2016-08-18,BTCUSD,"574,99","576,72","573,0","574,08","1316,25","757122,81"
1332,2016-08-17,BTCUSD,"580,35","580,35","571,16","574,99","1328,69","762121,71"
1333,2016-08-16,BTCUSD,"569,33","582,87","565,11","580,35","2250,67","1294063,25"
1334,2016-08-15,BTCUSD,"571,7","573,43","560,32","569,33","1004,32","569293,45"
1335,2016-08-14,BTCUSD,"586,99","586,99","566,0","571,7","517,34","296890,36"
1336,2016-08-13,BTCUSD,"588,83","589,01","584,54","586,99","312,91","183870,38"
1337,2016-08-12,BTCUSD,"587,57","590,22","584,13","588,83","1178,5","693614,82"
1338,2016-08-11,BTCUSD,"595,14","597,19","587,01","587,57","994,18","588907,16"
1339,2016-08-10,BTCUSD,"585,76","600,0","584,07","595,14","1297,2","771219,25"
1340,2016-08-09,BTCUSD,"595,65","595,96","583,43","585,76","1461,42","861476,94"
1341,2016-08-08,BTCUSD,"593,65","598,99","589,66","595,65","1086,9","646963,38"
1342,2016-08-07,BTCUSD,"588,16","598,99","583,68","593,65","481,41","284717,06"
1343,2016-08-06,BTCUSD,"575,51","590,68","572,14","588,16","727,17","423689,96"
1344,2016-08-05,BTCUSD,"585,0","585,15","572,0","575,51","1314,46","756689,49"
1345,2016-08-04,BTCUSD,"572,38","602,15","567,61","585,0","1214,75","699809,3"
1346,2016-08-03,BTCUSD,"515,86","573,99","508,12","572,38","2105,97","1161353,53"
1347,2016-08-02,BTCUSD,"606,78","614,38","456,36","515,86","3356,11","1891926,4"
1348,2016-08-01,BTCUSD,"622,17","626,61","606,0","606,78","1344,86","833402,75"
1349,2016-07-31,BTCUSD,"655,01","655,01","622,17","622,17","638,49","404947,05"
1350,2016-07-30,BTCUSD,"657,99","657,99","654,83","655,01","198,59","130374,6"
1351,2016-07-29,BTCUSD,"657,32","657,99","655,87","657,99","1021,79","671745,98"
1352,2016-07-28,BTCUSD,"658,24","659,24","654,63","657,32","676,31","444509,43"
1353,2016-07-27,BTCUSD,"655,16","659,68","650,27","658,24","643,3","422526,77"
1354,2016-07-26,BTCUSD,"656,26","659,1","646,27","655,16","1243,9","814487,72"
1355,2016-07-25,BTCUSD,"663,95","663,99","652,74","656,26","968,8","637333,97"
1356,2016-07-24,BTCUSD,"655,92","665,08","652,7","663,95","231,84","152903,65"
1357,2016-07-23,BTCUSD,"649,03","656,85","649,03","655,92","433,95","283517,52"
1358,2016-07-22,BTCUSD,"665,86","666,99","644,08","649,03","677,36","444381,34"
1359,2016-07-21,BTCUSD,"664,86","667,31","660,02","665,86","712,51","473882,2"
1360,2016-07-20,BTCUSD,"672,98","673,52","662,04","664,86","2106,48","1404858,53"
1361,2016-07-19,BTCUSD,"672,74","674,43","667,67","672,98","727,93","488504,76"
1362,2016-07-18,BTCUSD,"678,34","682,71","667,49","672,74","1102,58","745286,58"
1363,2016-07-17,BTCUSD,"663,84","687,56","663,84","678,34","1145,73","778228,53"
1364,2016-07-16,BTCUSD,"665,0","668,72","660,0","663,84","202,96","134713,56"
1365,2016-07-15,BTCUSD,"658,98","669,01","658,69","665,0","891,47","591878,57"
1366,2016-07-14,BTCUSD,"661,55","663,48","650,67","658,98","1384,3","912790,13"
1367,2016-07-13,BTCUSD,"673,99","673,99","657,02","661,55","1512,05","1001514,36"
1368,2016-07-12,BTCUSD,"650,83","674,83","647,73","673,99","1808,13","1200532,71"
1369,2016-07-11,BTCUSD,"649,99","658,99","645,0","650,83","1042,84","677341,2"
1370,2016-07-10,BTCUSD,"654,78","654,78","640,4","649,99","506,06","327412,58"
1371,2016-07-09,BTCUSD,"661,99","661,99","625,33","654,78","1238,13","798850,06"
1372,2016-07-08,BTCUSD,"637,99","662,71","637,98","661,99","919,76","599367,63"
1373,2016-07-07,BTCUSD,"674,99","679,51","611,35","637,99","2061,51","1306966,88"
1374,2016-07-06,BTCUSD,"666,23","679,5","665,7","674,99","871,12","586279,59"
1375,2016-07-05,BTCUSD,"679,45","679,89","661,13","666,23","1199,34","804016,94"
1376,2016-07-04,BTCUSD,"664,67","679,88","649,38","679,45","918,02","618617,4"
1377,2016-07-03,BTCUSD,"699,99","703,03","645,86","664,67","644,4","433777,95"
1378,2016-07-02,BTCUSD,"680,96","699,99","677,6","699,99","896,79","619632,93"
1379,2016-07-01,BTCUSD,"673,43","693,31","668,6","680,96","1702,24","1154838,66"
1380,2016-06-30,BTCUSD,"640,32","675,28","637,34","673,43","2150,8","1420640,63"
1381,2016-06-29,BTCUSD,"648,78","650,51","631,43","640,32","1770,39","1136953,81"
1382,2016-06-28,BTCUSD,"650,09","657,15","636,47","648,78","1357,52","881985,23"
1383,2016-06-27,BTCUSD,"631,14","655,0","621,38","650,09","1478,9","950148,12"
1384,2016-06-26,BTCUSD,"665,15","665,15","614,04","631,14","752,93","473629,94"
1385,2016-06-25,BTCUSD,"662,66","696,99","646,42","665,15","602,99","409368,44"
1386,2016-06-24,BTCUSD,"628,11","680,0","625,13","662,66","2033,06","1324010,48"
1387,2016-06-23,BTCUSD,"600,16","634,83","560,01","628,11","3468,79","2055230,68"
1388,2016-06-22,BTCUSD,"673,71","678,99","600,16","600,16","2846,6","1826484,51"
1389,2016-06-21,BTCUSD,"741,84","741,84","625,0","673,71","3538,43","2378322,18"
1390,2016-06-20,BTCUSD,"763,99","763,99","725,95","741,84","1448,98","1076472,95"
1391,2016-06-19,BTCUSD,"755,14","765,0","746,28","763,99","887,81","676639,48"
1392,2016-06-18,BTCUSD,"757,06","788,55","735,64","755,14","1571,48","1201480,95"
1393,2016-06-17,BTCUSD,"764,76","774,32","707,45","757,06","3186,88","2374921,84"
1394,2016-06-16,BTCUSD,"692,93","773,74","692,66","764,76","5929,71","4398013,4"
1395,2016-06-15,BTCUSD,"685,37","696,46","668,39","692,93","2888,29","1967969,36"
1396,2016-06-14,BTCUSD,"704,0","704,01","662,01","685,37","4373,4","2999059,67"
1397,2016-06-13,BTCUSD,"663,09","719,0","663,09","704,0","3540,96","2447557,85"
1398,2016-06-12,BTCUSD,"597,77","683,63","597,77","663,09","2148,82","1367149,19"
1399,2016-06-11,BTCUSD,"578,99","598,64","578,99","597,77","758,37","446469,86"
1400,2016-06-10,BTCUSD,"579,13","580,9","575,05","578,99","1282,29","740757,64"
1401,2016-06-09,BTCUSD,"581,99","583,15","572,42","579,13","1104,31","638344,17"
1402,2016-06-08,BTCUSD,"580,0","583,75","574,87","581,99","1506,32","873277,55"
1403,2016-06-07,BTCUSD,"584,44","589,08","566,75","580,0","1167,17","676863,39"
1404,2016-06-06,BTCUSD,"574,05","587,89","574,04","584,44","1169,13","682767,46"
1405,2016-06-05,BTCUSD,"573,51","584,8","566,56","574,05","359,61","207230,63"
1406,2016-06-04,BTCUSD,"570,02","590,0","562,48","573,51","685,37","393390,84"
1407,2016-06-03,BTCUSD,"539,78","577,13","535,71","570,02","2370,26","1324395,31"
1408,2016-06-02,BTCUSD,"539,99","539,99","533,25","539,78","1057,66","567672,33"
1409,2016-06-01,BTCUSD,"530,62","544,99","524,76","539,99","2248,01","1207745,38"
1410,2016-05-31,BTCUSD,"532,66","544,84","520,86","530,62","1446,16","771433,23"
1411,2016-05-30,BTCUSD,"519,29","542,81","516,63","532,66","368,0","195825,92"
1412,2016-05-29,BTCUSD,"526,87","558,46","500,0","519,29","793,63","415659,54"
1413,2016-05-28,BTCUSD,"476,99","535,73","472,85","526,87","1922,58","957274,99"
1414,2016-05-27,BTCUSD,"454,27","480,0","454,27","476,99","1669,41","788742,88"
1415,2016-05-26,BTCUSD,"449,9","454,3","449,9","454,27","1238,38","561015,63"
1416,2016-05-25,BTCUSD,"445,87","449,99","445,64","449,9","719,99","322660,95"
1417,2016-05-24,BTCUSD,"443,86","446,98","442,98","445,87","1462,87","651256,28"
1418,2016-05-23,BTCUSD,"437,74","443,86","437,35","443,86","1225,1","541640,05"
1419,2016-05-22,BTCUSD,"443,41","443,41","436,48","437,74","701,93","309283,08"
1420,2016-05-21,BTCUSD,"442,99","443,46","442,08","443,41","751,61","333109,85"
1421,2016-05-20,BTCUSD,"443,01","443,63","438,2","442,99","990,25","437622,24"
1422,2016-05-19,BTCUSD,"455,01","455,01","441,79","443,01","1457,52","653772,34"
1423,2016-05-18,BTCUSD,"454,69","455,99","454,43","455,01","1672,81","761711,39"
1424,2016-05-17,BTCUSD,"454,43","455,48","452,74","454,69","962,63","437597,27"
1425,2016-05-16,BTCUSD,"457,99","458,67","452,54","454,43","1178,48","538651,79"
1426,2016-05-15,BTCUSD,"456,67","457,99","456,36","457,99","230,11","105158,24"
1427,2016-05-14,BTCUSD,"457,46","457,48","454,01","456,67","275,1","125656,77"
1428,2016-05-13,BTCUSD,"453,99","458,0","453,99","457,46","1368,06","624569,19"
1429,2016-05-12,BTCUSD,"451,98","453,99","449,3","453,99","1126,7","509610,66"
1430,2016-05-11,BTCUSD,"451,75","454,05","451,74","451,98","1612,89","731150,47"
1431,2016-05-10,BTCUSD,"460,98","462,98","446,01","451,75","1006,4","455323,39"
1432,2016-05-09,BTCUSD,"458,0","463,99","456,81","460,98","1280,41","590431,5"
1433,2016-05-08,BTCUSD,"459,66","459,66","456,92","458,0","158,15","72453,39"
1434,2016-05-07,BTCUSD,"461,36","461,88","458,83","459,66","556,21","255968,44"
1435,2016-05-06,BTCUSD,"448,99","463,4","448,28","461,36","943,65","428824,82"
1436,2016-05-05,BTCUSD,"448,0","448,99","447,01","448,99","916,95","410899,7"
1437,2016-05-04,BTCUSD,"451,99","451,99","447,46","448,0","1108,17","497659,99"
1438,2016-05-03,BTCUSD,"446,36","452,0","443,69","451,99","1124,91","504046,31"
1439,2016-05-02,BTCUSD,"452,66","453,99","441,31","446,36","1898,57","846639,71"
1440,2016-05-01,BTCUSD,"450,3","453,63","448,26","452,66","345,76","156471,22"
1441,2016-04-30,BTCUSD,"455,91","456,78","448,24","450,3","289,92","131025,36"
1442,2016-04-29,BTCUSD,"448,99","456,98","448,83","455,91","1438,18","651149,45"
1443,2016-04-28,BTCUSD,"448,44","448,99","435,72","448,99","2024,84","901276,78"
1444,2016-04-27,BTCUSD,"468,44","469,36","447,03","448,44","2264,18","1036759,2"
1445,2016-04-26,BTCUSD,"465,9","470,69","463,49","468,44","1326,16","619399,18"
1446,2016-04-25,BTCUSD,"461,05","468,67","453,78","465,9","2696,92","1245577,49"
1447,2016-04-24,BTCUSD,"452,0","462,88","449,97","461,05","1451,81","663084,51"
1448,2016-04-23,BTCUSD,"447,79","452,0","447,23","452,0","962,76","433217,1"
1449,2016-04-22,BTCUSD,"451,0","451,03","445,26","447,79","1071,76","479782,4"
1450,2016-04-21,BTCUSD,"443,54","451,0","441,86","451,0","2331,07","1038975,71"
1451,2016-04-20,BTCUSD,"435,0","445,0","434,99","443,54","1732,3","760561,43"
1452,2016-04-19,BTCUSD,"427,99","435,0","427,98","435,0","1419,48","609416,58"
1453,2016-04-18,BTCUSD,"426,2","428,7","426,2","427,99","870,72","372478,85"
1454,2016-04-17,BTCUSD,"429,99","430,09","426,2","426,2","218,68","93759,27"
1455,2016-04-16,BTCUSD,"429,53","432,5","429,52","429,99","493,59","212553,43"
1456,2016-04-15,BTCUSD,"424,96","429,84","424,96","429,53","1549,86","663556,99"
1457,2016-04-14,BTCUSD,"424,53","425,6","424,1","424,96","938,77","398729,37"
1458,2016-04-13,BTCUSD,"426,43","426,75","421,99","424,53","2049,84","871512,71"
1459,2016-04-12,BTCUSD,"423,23","427,24","423,23","426,43","1405,46","598581,62"
1460,2016-04-11,BTCUSD,"420,73","423,24","419,51","423,23","1184,23","499197,84"
1461,2016-04-10,BTCUSD,"416,67","420,74","416,67","420,73","444,09","185924,26"
1462,2016-04-09,BTCUSD,"418,39","418,39","412,21","416,67","425,9","177374,31"
1463,2016-04-08,BTCUSD,"422,59","424,39","415,45","418,39","2910,51","1227064,07"
1464,2016-04-07,BTCUSD,"422,82","422,84","419,65","422,59","1063,18","448516,79"
1465,2016-04-06,BTCUSD,"422,48","423,28","422,3","422,82","1184,0","500636,53"
1466,2016-04-05,BTCUSD,"419,99","423,44","419,86","422,48","1068,1","450811,6"
1467,2016-04-04,BTCUSD,"419,45","419,99","417,74","419,99","692,01","289850,73"
1468,2016-04-03,BTCUSD,"420,0","420,0","418,93","419,45","106,09","44510,42"
1469,2016-04-02,BTCUSD,"416,48","421,18","416,48","420,0","826,35","346497,1"
1470,2016-04-01,BTCUSD,"416,36","416,88","414,59","416,48","732,45","304703,12"
1471,2016-03-31,BTCUSD,"413,7","416,94","413,7","416,36","1122,37","466556,09"
1472,2016-03-30,BTCUSD,"414,25","414,64","408,62","413,7","733,55","302278,38"
1473,2016-03-29,BTCUSD,"422,16","423,75","405,83","414,25","1440,19","594301,55"
1474,2016-03-28,BTCUSD,"424,47","424,47","422,0","422,16","870,6","368112,34"
1475,2016-03-27,BTCUSD,"416,92","426,75","416,65","424,47","2006,26","846262,98"
1476,2016-03-26,BTCUSD,"416,11","416,98","416,11","416,92","411,06","171326,93"
1477,2016-03-25,BTCUSD,"415,55","416,98","412,79","416,11","952,99","396135,74"
1478,2016-03-24,BTCUSD,"417,01","417,16","413,92","415,55","940,74","391557,49"
1479,2016-03-23,BTCUSD,"416,83","418,54","416,83","417,01","794,82","331613,57"
1480,2016-03-22,BTCUSD,"411,4","418,0","411,39","416,83","922,05","383507,99"
1481,2016-03-21,BTCUSD,"410,99","411,4","408,66","411,4","811,47","332971,56"
1482,2016-03-20,BTCUSD,"409,88","410,99","409,88","410,99","307,22","125995,74"
1483,2016-03-19,BTCUSD,"407,59","409,88","405,66","409,88","595,51","242633,91"
1484,2016-03-18,BTCUSD,"418,95","418,95","403,47","407,59","1017,68","415330,71"
1485,2016-03-17,BTCUSD,"416,0","419,0","416,0","418,95","938,0","392406,2"
1486,2016-03-16,BTCUSD,"416,0","416,0","414,71","416,0","1443,06","599306,72"
1487,2016-03-15,BTCUSD,"413,99","416,09","413,98","416,0","1294,92","537881,24"
1488,2016-03-14,BTCUSD,"411,18","414,14","411,16","413,99","569,47","235320,23"
1489,2016-03-13,BTCUSD,"409,72","412,54","409,25","411,18","1668,66","685385,15"
1490,2016-03-12,BTCUSD,"418,93","420,17","405,96","409,72","1090,13","447418,4"
1491,2016-03-11,BTCUSD,"414,68","420,34","414,68","418,93","1525,97","638915,25"
1492,2016-03-10,BTCUSD,"410,79","414,68","410,07","414,68","1792,31","738683,02"
1493,2016-03-09,BTCUSD,"412,09","412,99","408,22","410,79","3337,91","1370297,92"
1494,2016-03-08,BTCUSD,"413,16","413,49","408,0","412,09","1369,93","562777,31"
1495,2016-03-07,BTCUSD,"403,44","413,31","399,26","413,16","2423,93","988846,2"
1496,2016-03-06,BTCUSD,"393,5","403,96","378,71","403,44","400,98","156921,05"
1497,2016-03-05,BTCUSD,"408,87","409,06","367,0","393,5","3115,9","1247431,02"
1498,2016-03-04,BTCUSD,"419,24","421,07","408,4","408,87","2517,71","1049127,3"
1499,2016-03-03,BTCUSD,"423,97","423,97","414,06","419,24","2856,05","1196323,59"
1500,2016-03-02,BTCUSD,"432,32","433,73","422,29","423,97","869,86","372954,62"
1501,2016-03-01,BTCUSD,"437,05","438,98","427,41","432,32","902,27","391113,93"
1502,2016-02-29,BTCUSD,"431,59","440,99","430,14","437,05","984,47","429948,59"
1503,2016-02-28,BTCUSD,"431,47","433,36","421,01","431,59","420,85","179601,89"
1504,2016-02-27,BTCUSD,"427,5","434,18","427,5","431,47","485,03","208782,58"
1505,2016-02-26,BTCUSD,"423,98","427,51","418,89","427,5","803,73","340617,72"
1506,2016-02-25,BTCUSD,"421,32","426,55","416,86","423,98","673,43","284397,26"
1507,2016-02-24,BTCUSD,"418,77","422,99","410,82","421,32","775,35","326202,9"
1508,2016-02-23,BTCUSD,"436,45","438,23","412,07","418,77","1580,33","661748,35"
1509,2016-02-22,BTCUSD,"439,28","440,12","431,13","436,45","1300,83","569935,95"
1510,2016-02-21,BTCUSD,"440,75","448,0","426,2","439,28","543,72","237933,71"
1511,2016-02-20,BTCUSD,"419,04","442,0","419,04","440,75","949,26","407875,43"
1512,2016-02-19,BTCUSD,"422,21","422,21","416,18","419,04","829,64","348577,17"
1513,2016-02-18,BTCUSD,"415,9","422,92","414,44","422,21","1800,84","755629,14"
1514,2016-02-17,BTCUSD,"406,72","420,25","406,72","415,9","1425,81","596048,72"
1515,2016-02-16,BTCUSD,"398,27","409,33","398,23","406,72","1144,29","465347,88"
1516,2016-02-15,BTCUSD,"406,18","407,94","396,71","398,27","867,76","350254,95"
1517,2016-02-14,BTCUSD,"386,51","406,18","386,51","406,18","1676,36","670546,45"
1518,2016-02-13,BTCUSD,"383,85","386,52","383,85","386,51","164,45","63308,6"
1519,2016-02-12,BTCUSD,"376,09","384,71","376,03","383,85","1650,92","629776,6"
1520,2016-02-11,BTCUSD,"380,07","380,57","373,07","376,09","1032,28","389108,52"
1521,2016-02-10,BTCUSD,"374,0","384,19","373,02","380,07","1559,69","594481,56"
1522,2016-02-09,BTCUSD,"371,47","377,09","371,47","374,0","935,99","350955,64"
1523,2016-02-08,BTCUSD,"376,03","377,86","371,31","371,47","958,04","358682,2"
1524,2016-02-07,BTCUSD,"375,31","378,55","373,39","376,03","184,05","69217,17"
1525,2016-02-06,BTCUSD,"387,21","387,21","371,09","375,31","480,03","181099,83"
1526,2016-02-05,BTCUSD,"390,17","390,17","384,8","387,21","894,87","346279,69"
1527,2016-02-04,BTCUSD,"368,7","391,7","368,7","390,17","1799,16","686745,79"
1528,2016-02-03,BTCUSD,"373,2","373,2","367,41","368,7","907,36","336253,34"
1529,2016-02-02,BTCUSD,"371,74","375,41","371,74","373,2","977,83","365562,48"
1530,2016-02-01,BTCUSD,"370,0","378,99","366,62","371,74","935,68","349785,67"
1531,2016-01-31,BTCUSD,"378,33","380,0","369,54","370,0","162,26","61072,38"
1532,2016-01-30,BTCUSD,"379,39","380,0","374,53","378,33","247,86","93570,38"
1533,2016-01-29,BTCUSD,"380,92","383,97","365,0","379,39","973,71","366715,98"
1534,2016-01-28,BTCUSD,"395,54","395,54","378,36","380,92","479,25","184161,73"
1535,2016-01-27,BTCUSD,"389,0","396,99","389,0","395,54","652,15","257391,75"
1536,2016-01-26,BTCUSD,"393,08","396,79","389,0","389,0","1061,9","417990,16"
1537,2016-01-25,BTCUSD,"401,74","403,6","387,65","393,08","1085,8","427392,05"
1538,2016-01-24,BTCUSD,"387,8","404,24","383,57","401,74","492,46","195967,96"
1539,2016-01-23,BTCUSD,"393,0","411,0","380,03","387,8","198,13","77017,19"
1540,2016-01-22,BTCUSD,"412,14","416,99","375,0","393,0","2505,96","977136,8"
1541,2016-01-21,BTCUSD,"417,51","425,38","405,0","412,14","1558,93","638247,28"
1542,2016-01-20,BTCUSD,"380,58","423,19","376,27","417,51","3195,25","1300414,35"
1543,2016-01-19,BTCUSD,"385,03","385,53","376,33","380,58","4096,72","1557914,34"
1544,2016-01-18,BTCUSD,"383,9","387,25","374,83","385,03","2854,76","1099063,99"
1545,2016-01-17,BTCUSD,"384,25","389,85","380,19","383,9","205,95","79204,39"
1546,2016-01-16,BTCUSD,"372,04","386,27","353,32","384,25","778,19","291177,44"
1547,2016-01-15,BTCUSD,"430,42","431,31","358,74","372,04","1724,16","677966,57"
1548,2016-01-14,BTCUSD,"431,68","433,99","426,75","430,42","502,66","216413,12"
1549,2016-01-13,BTCUSD,"445,4","445,4","420,0","431,68","970,73","415972,32"
1550,2016-01-12,BTCUSD,"451,28","451,28","444,11","445,4","727,12","324599,67"
1551,2016-01-11,BTCUSD,"444,6","451,64","444,6","451,28","464,17","207924,92"
1552,2016-01-10,BTCUSD,"450,11","450,11","440,01","444,6","17,18","7640,4"
1553,2016-01-09,BTCUSD,"456,68","456,68","446,33","450,11","188,38","84963,85"
1554,2016-01-08,BTCUSD,"457,0","464,0","448,52","456,68","889,37","405467,61"
1555,2016-01-07,BTCUSD,"431,1","457,0","430,89","457,0","1697,75","760356,83"
1556,2016-01-06,BTCUSD,"432,98","433,99","427,88","431,1","386,6","166807,9"
1557,2016-01-05,BTCUSD,"435,0","435,63","431,55","432,98","259,72","112388,29"
1558,2016-01-04,BTCUSD,"424,26","436,49","424,26","435,0","485,66","209194,1"
1559,2016-01-03,BTCUSD,"435,75","437,99","409,11","424,26","496,07","209726,77"
1560,2016-01-02,BTCUSD,"434,55","439,53","432,7","435,75","107,57","46885,15"
1561,2016-01-01,BTCUSD,"432,5","437,8","429,95","434,55","110,55","48057,58"
1562,2015-12-31,BTCUSD,"428,24","434,99","422,01","432,5","206,93","89190,89"
1563,2015-12-30,BTCUSD,"430,76","436,79","422,1","428,24","211,58","90822,73"
1564,2015-12-29,BTCUSD,"420,8","434,26","420,8","430,76","742,14","317103,63"
1565,2015-12-28,BTCUSD,"422,06","429,31","418,53","420,8","89,53","37899,56"
1566,2015-12-27,BTCUSD,"418,72","423,64","407,77","422,06","172,62","71710,65"
1567,2015-12-26,BTCUSD,"458,59","458,59","407,07","418,72","387,26","164472,22"
1568,2015-12-25,BTCUSD,"455,46","461,86","453,99","458,59","79,34","36386,66"
1569,2015-12-24,BTCUSD,"444,54","457,22","444,54","455,46","375,44","169870,08"
1570,2015-12-23,BTCUSD,"435,82","444,71","435,75","444,54","411,18","181367,62"
1571,2015-12-22,BTCUSD,"437,99","442,46","434,79","435,82","286,88","125801,91"
1572,2015-12-21,BTCUSD,"439,51","449,99","428,52","437,99","190,11","83319,44"
1573,2015-12-20,BTCUSD,"461,8","462,99","432,33","439,51","321,0","143210,6"
1574,2015-12-19,BTCUSD,"463,02","466,93","455,0","461,8","114,09","52855,37"
1575,2015-12-18,BTCUSD,"458,0","465,73","456,56","463,02","497,74","229780,19"
1576,2015-12-17,BTCUSD,"456,34","459,89","450,25","458,0","312,18","142561,92"
1577,2015-12-16,BTCUSD,"465,99","466,24","440,0","456,34","452,41","206807,6"
1578,2015-12-15,BTCUSD,"445,7","480,0","445,1","465,99","974,16","447962,48"
1579,2015-12-14,BTCUSD,"435,9","450,36","429,86","445,7","1019,46","456179,39"
1580,2015-12-13,BTCUSD,"435,0","441,53","422,0","435,9","120,12","52006,96"
1581,2015-12-12,BTCUSD,"452,0","473,34","408,45","435,0","537,74","234650,28"
1582,2015-12-11,BTCUSD,"416,49","454,97","416,49","452,0","905,65","395780,18"
1583,2015-12-10,BTCUSD,"418,98","422,89","412,54","416,49","652,46","272274,87"
1584,2015-12-09,BTCUSD,"412,13","424,48","347,5","418,98","695,45","285473,2"
1585,2015-12-08,BTCUSD,"398,62","412,13","390,84","412,13","501,04","200415,53"
1586,2015-12-07,BTCUSD,"395,5","400,0","385,01","398,62","779,95","307497,84"
1587,2015-12-06,BTCUSD,"385,82","403,33","385,82","395,5","220,74","86851,71"
1588,2015-12-05,BTCUSD,"362,03","389,9","361,53","385,82","746,45","278215,04"
1589,2015-12-04,BTCUSD,"361,5","364,48","356,0","362,03","912,81","329262,86"
1590,2015-12-03,BTCUSD,"361,18","369,99","358,0","361,5","965,2","350211,87"
1591,2015-12-02,BTCUSD,"363,01","364,03","349,0","361,18","422,45","151625,88"
1592,2015-12-01,BTCUSD,"377,29","379,99","355,01","363,01","511,06","186714,7"
1593,2015-11-30,BTCUSD,"368,11","380,99","367,5","377,29","1510,3","565830,65"
1594,2015-11-29,BTCUSD,"357,0","380,0","354,01","368,11","462,71","168299,4"
1595,2015-11-28,BTCUSD,"360,4","360,41","352,0","357,0","161,21","57658,18"
1596,2015-11-27,BTCUSD,"360,0","369,04","347,76","360,4","1023,14","370511,16"
1597,2015-11-26,BTCUSD,"327,5","365,37","327,5","360,0","510,4","175433,89"
1598,2015-11-25,BTCUSD,"317,52","332,0","315,21","327,5","546,09","178654,88"
1599,2015-11-24,BTCUSD,"322,75","324,53","305,0","317,52","884,39","283519,45"
1600,2015-11-23,BTCUSD,"324,37","326,32","320,01","322,75","1010,84","326786,37"
1601,2015-11-22,BTCUSD,"325,22","328,75","320,99","324,37","301,36","97804,72"
1602,2015-11-21,BTCUSD,"320,51","328,97","318,28","325,22","324,76","105230,72"
1603,2015-11-20,BTCUSD,"325,01","328,3","310,0","320,51","371,67","119626,03"
1604,2015-11-19,BTCUSD,"335,99","335,99","322,34","325,01","908,48","302039,17"
1605,2015-11-18,BTCUSD,"334,51","337,9","330,01","335,99","1545,01","517355,7"
1606,2015-11-17,BTCUSD,"336,99","340,24","328,33","334,51","892,06","299171,45"
1607,2015-11-16,BTCUSD,"318,66","338,99","315,0","336,99","475,92","155088,38"
1608,2015-11-15,BTCUSD,"349,99","354,99","317,76","318,66","396,53","132609,66"
1609,2015-11-14,BTCUSD,"338,45","2200,0","332,92","349,99","616,59","254383,14"
1610,2015-11-13,BTCUSD,"335,5","348,58","326,6","338,45","478,64","160014,56"
1611,2015-11-12,BTCUSD,"306,0","344,8","300,51","335,5","1215,85","397146,18"
1612,2015-11-11,BTCUSD,"336,18","343,75","300,0","306,0","1225,57","385120,65"
1613,2015-11-10,BTCUSD,"381,46","383,0","236,0","336,18","728,85","255925,57"
1614,2015-11-09,BTCUSD,"377,0","386,79","361,43","381,46","1134,47","426641,07"
1615,2015-11-08,BTCUSD,"388,13","389,61","363,47","377,0","152,4","58646,32"
1616,2015-11-07,BTCUSD,"376,0","391,92","374,97","388,13","824,89","316125,45"
1617,2015-11-06,BTCUSD,"379,42","399,7","354,01","376,0","1183,23","443559,45"
1618,2015-11-05,BTCUSD,"410,0","450,0","369,73","379,42","1655,25","671522,45"
1619,2015-11-04,BTCUSD,"400,0","500,0","365,0","410,0","2104,01","957774,87"
1620,2015-11-03,BTCUSD,"367,85","424,62","362,25","400,0","3009,34","1182587,15"
1621,2015-11-02,BTCUSD,"330,0","370,0","326,1","367,85","3028,56","1062068,18"
1622,2015-11-01,BTCUSD,"315,0","330,0","299,76","330,0","377,15","120386,11"
1623,2015-10-31,BTCUSD,"330,36","336,69","309,15","315,0","193,96","62936,19"
1624,2015-10-30,BTCUSD,"314,89","374,0","314,89","330,36","2078,47","681306,37"
1625,2015-10-29,BTCUSD,"307,05","320,01","261,51","314,89","1675,85","522681,16"
1626,2015-10-28,BTCUSD,"298,2","309,0","298,2","307,05","1219,05","369278,2"
1627,2015-10-27,BTCUSD,"288,54","299,0","288,53","298,2","691,25","202956,9"
1628,2015-10-26,BTCUSD,"289,38","296,99","283,99","288,54","339,76","97784,33"
1629,2015-10-25,BTCUSD,"285,0","297,0","285,0","289,38","46,26","13502,41"
1630,2015-10-24,BTCUSD,"280,2","285,0","280,19","285,0","438,03","123247,67"
1631,2015-10-23,BTCUSD,"276,89","283,95","276,89","280,2","590,31","164962,53"
